{
	"id": "f705f130-40ed-4c66-95e3-7d63e438ed5a",
	"name": "Person",
	"confidence": 99.75186920166016,
	"parents": [],
	"instances": [{
		"height": 0.788449764251709,
		"width": 0.37145188450813293,
		"left": 0.5232441425323486,
		"top": 0.20031282305717468,
		"__typename": "BoundingBox"
	}, {
		"height": 0.27881088852882385,
		"width": 0.11530932039022446,
		"left": 0.3354623317718506,
		"top": 0.1961989402770996,
		"__typename": "BoundingBox"
	}, {
		"height": 0.7772222757339478,
		"width": 0.352791428565979,
		"left": 0.03594960644841194,
		"top": 0.20243647694587708,
		"__typename": "BoundingBox"
	}, {
		"height": 0.3490219712257385,
		"width": 0.3184428811073303,
		"left": 0.3262154459953308,
		"top": 0.2951163053512573,
		"__typename": "BoundingBox"
	}],
	"__typename": "Label"
}